MFAEnabled,License,UserPrincipalName,AccountEnabled,GivenName,Surname,MailNickName,Manager,JobTitle,Department,Mobile,Telephone,Office,StreetAddress,City,Country,State,PostCode,UsageLocation,ShowInAddressList
TRUE,DEVELOPERPACK,[FirstName.LastName],TRUE,[FirstName],[Surname],[FirstName.Surname],,Director,IT,07213 204445,0207 762 1242 Ext 4445,London,9934 Highway Road,London,England,,EC3 1VO,GB,TRUE
TRUE,DEVELOPERPACK,Dan.Jump,TRUE,Dan,Jump,Dan.Jump,[FirstName Surname],CEO,Executive,07532 362222,01923 367 8362 Ext 2222,Watford,67 Manor Road,Watford,England,,WD32 5WF,GB,TRUE
TRUE,DEVELOPERPACK,Adam.Barr,TRUE,Adam,Barr,Adam.Barr,Dan Jump,General Manager of Professional Services,Operations,07996 401111,029 2048 6384 Ext 1111,Cardiff,Forgeside Close,Cardiff,Wales,,CF24 5FA,GB,TRUE
TRUE,DEVELOPERPACK,Alan.Steiner,TRUE,Alan,Steiner,Alan.Steiner,Adam Barr,Director of Project Management Team,Project Management,07232 141111,0141 222 2911 Ext 1111,Scotland,33 Nith Street,Glasgow,Scotland,,G12 1UR,GB,TRUE
TRUE,DEVELOPERPACK,Chris.Norred,TRUE,Chris,Norred,Chris.Norred,Alan Steiner,Project Manager,Project Management,07532 362223,01923 367 8362 Ext 2223,Watford,67 Manor Road,Watford,England,,WD32 5WF,GB,TRUE
TRUE,DEVELOPERPACK,Diane.Tibbot,TRUE,Diane,Tibbot,Diane.Tibbot,Adam Barr,CFO of Professional Services,Operations,07996 401112,029 2048 6384 Ext 1112,Cardiff,Forgeside Close,Cardiff,Wales,,CF24 5FA,GB,TRUE
TRUE,DEVELOPERPACK,Christine.Koch,TRUE,Christine,Koch,Christine.Koch,Adam Barr,Managing Director,Engineering,07213 204446,0207 762 1242 Ext 4446,London,9934 Highway Road,London,England,,EC3 1VO,GB,TRUE
TRUE,DEVELOPERPACK,Frank.Martinez,TRUE,Frank,Martinez,Frank.Martinez,Dan Jump,COO,Executive,07996 401113,029 2048 6384 Ext 1113,Cardiff,Forgeside Close,Cardiff,Wales,,CF24 5FA,GB,TRUE
TRUE,DEVELOPERPACK,Karim.Manar,TRUE,Karim,Manar,Karim.Manar,Diane Tibbot,Controller,Accounting,07213 204447,0207 762 1242 Ext 4447,London,9934 Highway Road,London,England,,EC3 1VO,GB,TRUE
TRUE,DEVELOPERPACK,Dan.Park,TRUE,Dan,Park,Dan.Park,Adam Barr,Vice President NA Sales,Sales,07213 204448,0207 762 1242 Ext 4448,London,9934 Highway Road,London,England,,EC3 1VO,GB,TRUE
TRUE,DEVELOPERPACK,Jeff.Hay,TRUE,Jeff,Hay,Jeff.Hay,Frank Martinez,CVP of Operations,Executive,07996 401114,029 2048 6384 Ext 1114,Cardiff,Forgeside Close,Cardiff,Wales,,CF24 5FA,GB,TRUE
TRUE,DEVELOPERPACK,Garth.Fort,TRUE,Garth,Fort,Garth.Fort,Karim Manar,HR Manager,Human Resources,07532 362224,01923 367 8362 Ext 2224,Watford,67 Manor Road,Watford,England,,WD32 5WF,GB,TRUE
TRUE,DEVELOPERPACK,Cesar.Garcia,TRUE,Cesar,Garcia,Cesar.Garcia,Christine Koch,Strategy Consulting Manager,Strategy Consulting,07532 362225,01923 367 8362 Ext 2225,Watford,67 Manor Road,Watford,England,,WD32 5WF,GB,TRUE
TRUE,DEVELOPERPACK,Christa.Geller,TRUE,Christa,Geller,Christa.Geller,Jeff Hay,CVP of Online,Executive,07532 362226,01923 367 8362 Ext 2226,Watford,67 Manor Road,Watford,England,,WD32 5WF,GB,TRUE
TRUE,DEVELOPERPACK,Jack.Creasey,TRUE,Jack,Creasey,Jack.Creasey,Dan Park,Managing Director,Sales Engagement Management,07996 401115,029 2048 6384 Ext 1115,Cardiff,Forgeside Close,Cardiff,Wales,,CF24 5FA,GB,TRUE
TRUE,DEVELOPERPACK,David.Maman,TRUE,David,Maman,David.Maman,Christine Koch,Strategy Consulting Manager,Strategy Consulting,07996 401116,029 2048 6384 Ext 1116,Cardiff,Forgeside Close,Cardiff,Wales,,CF24 5FA,GB,TRUE
TRUE,DEVELOPERPACK,Alan.Brewer,TRUE,Alan,Brewer,Alan.Brewer,Jack Creasey,Regional Sales Manager,Sales,07232 141112,0141 222 2911 Ext 1112,Scotland,33 Nith Street,Glasgow,Scotland,,G12 1UR,GB,TRUE
TRUE,DEVELOPERPACK,David.Simpson,TRUE,David,Simpson,David.Simpson,Alan Brewer,Sales Manager,Sales Engagement Management,07232 141113,0141 222 2911 Ext 1113,Scotland,33 Nith Street,Glasgow,Scotland,,G12 1UR,GB,TRUE
TRUE,DEVELOPERPACK,Anna.Lidman,TRUE,Anna,Lidman,Anna.Lidman,Christa Geller,SVP of Online Services,Senior Management,07232 141114,0141 222 2911 Ext 1114,Scotland,33 Nith Street,Glasgow,Scotland,,G12 1UR,GB,TRUE
TRUE,DEVELOPERPACK,Eduard.Dell,TRUE,Eduard,Dell,Eduard.Dell,Jack Creasey,Regional Sales Manager,Sales,07213 204449,0207 762 1242 Ext 4449,London,9934 Highway Road,London,England,,EC3 1VO,GB,TRUE
TRUE,DEVELOPERPACK,Spencer.Low,TRUE,Spencer,Low,Spencer.Low,Jack Creasey,Regional Sales Manager,Sales,07213 204450,0207 762 1242 Ext 4450,London,9934 Highway Road,London,England,,EC3 1VO,GB,TRUE
TRUE,DEVELOPERPACK,Kelly.Weadock,TRUE,Kelly,Weadock,Kelly.Weadock,Adam Barr,CTO of Professional Services,Operations,07213 204451,0207 762 1242 Ext 4451,London,9934 Highway Road,London,England,,EC3 1VO,GB,TRUE
TRUE,DEVELOPERPACK,Molly.Clark,TRUE,Molly,Clark,Molly.Clark,Anna Lidman,GM of Online Ad Sales and Affiliate Marketing,Senior Management,07996 401117,029 2048 6384 Ext 1117,Cardiff,Forgeside Close,Cardiff,Wales,,CF24 5FA,GB,TRUE
TRUE,DEVELOPERPACK,Larry.Zhang,TRUE,Larry,Zhang,Larry.Zhang,Jack Creasey,Regional Sales Manager,Sales,07532 362227,01923 367 8362 Ext 2227,Watford,67 Manor Road,Watford,England,,WD32 5WF,GB,TRUE
TRUE,DEVELOPERPACK,Arturo.Lopez,TRUE,Arturo,Lopez,Arturo.Lopez,Kelly Weadock,IT Director,Operations,07532 362228,01923 367 8362 Ext 2228,Watford,67 Manor Road,Watford,England,,WD32 5WF,GB,TRUE
TRUE,DEVELOPERPACK,April.Stewart,TRUE,April,Stewart,April.Stewart,Eduard Dell,Sales Manager,Sales,07532 362229,01923 367 8362 Ext 2229,Watford,67 Manor Road,Watford,England,,WD32 5WF,GB,TRUE
TRUE,DEVELOPERPACK,Aaron.Painter,TRUE,Aaron,Painter,Aaron.Painter,Christine Koch,Strategy Consulting Manager,Strategy Consulting,07996 401118,029 2048 6384 Ext 1118,Cardiff,Forgeside Close,Cardiff,Wales,,CF24 5FA,GB,TRUE
TRUE,DEVELOPERPACK,Andrew.Ma,TRUE,Andrew,Ma,Andrew.Ma,Alan Steiner,Senior Project Manager,Project Management,07996 401119,029 2048 6384 Ext 1119,Cardiff,Forgeside Close,Cardiff,Wales,,CF24 5FA,GB,TRUE
TRUE,DEVELOPERPACK,Diane.Prescott,TRUE,Diane,Prescott,Diane.Prescott,Molly Clark,Director of Ad Sales,Marketing,07996 401120,029 2048 6384 Ext 1120,Cardiff,Forgeside Close,Cardiff,Wales,,CF24 5FA,GB,TRUE
TRUE,DEVELOPERPACK,Arthur.Yasinski,TRUE,Arthur,Yasinski,Arthur.Yasinski,Spencer Low,Sales Manager,Sales Engagement Management,07996 401121,029 2048 6384 Ext 1121,Cardiff,Forgeside Close,Cardiff,Wales,,CF24 5FA,GB,TRUE
TRUE,DEVELOPERPACK,Brad.Sutton,TRUE,Brad,Sutton,Brad.Sutton,Christine Koch,Strategy Consulting Manager,Strategy Consulting,07213 204452,0207 762 1242 Ext 4452,London,9934 Highway Road,London,England,,EC3 1VO,GB,TRUE
TRUE,DEVELOPERPACK,Amy.Alberts,TRUE,Amy,Alberts,Amy.Alberts,Garth Fort,HR Manager,Human Resources,07996 401122,029 2048 6384 Ext 1122,Cardiff,Forgeside Close,Cardiff,Wales,,CF24 5FA,GB,TRUE
TRUE,DEVELOPERPACK,Steve.Luper,TRUE,Steve,Luper,Steve.Luper,Jack Creasey,Regional Sales Manager,Sales,07213 204453,0207 762 1242 Ext 4453,London,9934 Highway Road,London,England,,EC3 1VO,GB,TRUE
TRUE,DEVELOPERPACK,Julian.Isla,TRUE,Julian,Isla,Julian.Isla,Molly Clark,Sr. Business Development Manager,Senior Management,07996 401123,029 2048 6384 Ext 1123,Cardiff,Forgeside Close,Cardiff,Wales,,CF24 5FA,GB,TRUE
TRUE,DEVELOPERPACK,Scott.Bishop,TRUE,Scott,Bishop,Scott.Bishop,Alan Steiner,Senior Project Manager,Project Management,07213 204454,0207 762 1242 Ext 4454,London,9934 Highway Road,London,England,,EC3 1VO,GB,TRUE
TRUE,DEVELOPERPACK,Kelly.Krout,TRUE,Kelly,Krout,Kelly.Krout,Adam Barr,Marketing Manager,Marketing,07213 204455,0207 762 1242 Ext 4455,London,9934 Highway Road,London,England,,EC3 1VO,GB,TRUE
TRUE,DEVELOPERPACK,Stan.Orme,TRUE,Stan,Orme,Stan.Orme,Alan Steiner,Content Management Consulting Manager,Content Management Consulting,07213 204456,0207 762 1242 Ext 4456,London,9934 Highway Road,London,England,,EC3 1VO,GB,TRUE
TRUE,DEVELOPERPACK,Mike.Nash,TRUE,Mike,Nash,Mike.Nash,Alan Steiner,Senior Project Manager,Project Management,07213 204457,0207 762 1242 Ext 4457,London,9934 Highway Road,London,England,,EC3 1VO,GB,TRUE
TRUE,DEVELOPERPACK,Jenni.Merrifield,TRUE,Jenni,Merrifield,Jenni.Merrifield,David Maman,Strategy Consultant,Strategy Consulting,07532 362230,01923 367 8362 Ext 2230,Watford,67 Manor Road,Watford,England,,WD32 5WF,GB,TRUE
TRUE,DEVELOPERPACK,Keith.Dishmo,TRUE,Keith,Dishmo,Keith.Dishmo,Adam Barr,Procurement Manager,Operations,07532 362231,01923 367 8362 Ext 2231,Watford,67 Manor Road,Watford,England,,WD32 5WF,GB,TRUE
TRUE,DEVELOPERPACK,Jose.Saraiva,TRUE,Jose,Saraiva,Jose.Saraiva,Larry Zhang,Sales Manager,Sales,07213 204458,0207 762 1242 Ext 4458,London,9934 Highway Road,London,England,,EC3 1VO,GB,TRUE
TRUE,DEVELOPERPACK,Lene.Aalling,TRUE,Lene,Aalling,Lene.Aalling,Steve Luper,Sales Manager,Sales Engagement Management,07532 362232,01923 367 8362 Ext 2232,Watford,67 Manor Road,Watford,England,,WD32 5WF,GB,TRUE
TRUE,DEVELOPERPACK,Barry.Johnson,TRUE,Barry,Johnson,Barry.Johnson,Alan Steiner,Project Manager,Project Management,07532 362233,01923 367 8362 Ext 2233,Watford,67 Manor Road,Watford,England,,WD32 5WF,GB,TRUE
TRUE,DEVELOPERPACK,Ellen.Adams,TRUE,Ellen,Adams,Ellen.Adams,Christine Koch,Strategy Consulting Manager,Strategy Consulting,07532 362234,01923 367 8362 Ext 2234,Watford,67 Manor Road,Watford,England,,WD32 5WF,GB,TRUE
TRUE,DEVELOPERPACK,Ben.Spain,TRUE,Ben,Spain,Ben.Spain,Adam Barr,Manager,Operations,07532 362235,01923 367 8362 Ext 2235,Watford,67 Manor Road,Watford,England,,WD32 5WF,GB,TRUE
TRUE,DEVELOPERPACK,David.Zazzo,TRUE,David,Zazzo,David.Zazzo,Adam Barr,Managing Director,Engineering Operations,07532 362236,01923 367 8362 Ext 2236,Watford,67 Manor Road,Watford,England,,WD32 5WF,GB,TRUE
TRUE,DEVELOPERPACK,Carol.Troup,TRUE,Carol,Troup,Carol.Troup,David Zazzo,Strategy Consulting Manager,Engineering Operations,07532 362237,01923 367 8362 Ext 2237,Watford,67 Manor Road,Watford,England,,WD32 5WF,GB,TRUE
TRUE,DEVELOPERPACK,Erika.Cheley,TRUE,Erika,Cheley,Erika.Cheley,Ben Spain,Manager,Operations,07532 362238,01923 367 8362 Ext 2238,Watford,67 Manor Road,Watford,England,,WD32 5WF,GB,TRUE
TRUE,DEVELOPERPACK,Brian.Groth,TRUE,Brian,Groth,Brian.Groth,Barry Johnson,Project Manager,Project Management,07532 362239,01923 367 8362 Ext 2239,Watford,67 Manor Road,Watford,England,,WD32 5WF,GB,TRUE
TRUE,DEVELOPERPACK,Syed.Abbas,TRUE,Syed,Abbas,Syed.Abbas,Aaron Painter,CRM Consulting Manager,CRM Strategy,07532 362240,01923 367 8362 Ext 2240,Watford,67 Manor Road,Watford,England,,WD32 5WF,GB,TRUE
TRUE,DEVELOPERPACK,Peder.Thode,TRUE,Peder,Thode,Peder.Thode,Stan Orme,Content Management Consultant,Content Management Consulting,07213 204459,0207 762 1242 Ext 4459,London,9934 Highway Road,London,England,,EC3 1VO,GB,TRUE
TRUE,DEVELOPERPACK,Mary.Cha,TRUE,Mary,Cha,Mary.Cha,Stan Orme,Content Management Consultant,Content Management Consulting,07213 204460,0207 762 1242 Ext 4460,London,9934 Highway Road,London,England,,EC3 1VO,GB,TRUE
TRUE,DEVELOPERPACK,Lisa.Andrews,TRUE,Lisa,Andrews,Lisa.Andrews,Stan Orme,Content Management Consultant,Content Management Consulting,07213 204461,0207 762 1242 Ext 4461,London,9934 Highway Road,London,England,,EC3 1VO,GB,TRUE
TRUE,DEVELOPERPACK,Jim.Lucey,TRUE,Jim,Lucey,Jim.Lucey,Stan Orme,Content Management Consultant,Content Management Consulting,07213 204462,0207 762 1242 Ext 4462,London,9934 Highway Road,London,England,,EC3 1VO,GB,TRUE
TRUE,DEVELOPERPACK,Gareth.Chan,TRUE,Gareth,Chan,Gareth.Chan,Stan Orme,Content Management Consultant,Content Management Consulting,07213 204463,0207 762 1242 Ext 4463,London,9934 Highway Road,London,England,,EC3 1VO,GB,TRUE
TRUE,DEVELOPERPACK,Karin.Lamb,TRUE,Karin,Lamb,Karin.Lamb,Syed Abbas,CRM Consultant,CRM Strategy,07213 204464,0207 762 1242 Ext 4464,London,9934 Highway Road,London,England,,EC3 1VO,GB,TRUE
TRUE,DEVELOPERPACK,David.Hamilton,TRUE,David,Hamilton,David.Hamilton,Stan Orme,CRM Consultant,Content Management Consulting,07232 141115,0141 222 2911 Ext 1115,Scotland,33 Nith Street,Glasgow,Scotland,,G12 1UR,GB,TRUE
TRUE,DEVELOPERPACK,Merav.Sror,TRUE,Merav,Sror,Merav.Sror,Syed Abbas,CRM Consultant,CRM Strategy,07213 204465,0207 762 1242 Ext 4465,London,9934 Highway Road,London,England,,EC3 1VO,GB,TRUE
TRUE,DEVELOPERPACK,Reina.Cabatana,TRUE,Reina,Cabatana,Reina.Cabatana,Stan Orme,Content Management Consultant,Content Management Consulting,07996 401124,029 2048 6384 Ext 1124,Cardiff,Forgeside Close,Cardiff,Wales,,CF24 5FA,GB,TRUE
TRUE,DEVELOPERPACK,Robin.Young,TRUE,Robin,Young,Robin.Young,Stan Orme,Content Management Consultant,Content Management Consulting,07996 401125,029 2048 6384 Ext 1125,Cardiff,Forgeside Close,Cardiff,Wales,,CF24 5FA,GB,TRUE
TRUE,DEVELOPERPACK,Peter.Saddow,TRUE,Peter,Saddow,Peter.Saddow,Stan Orme,Content Management Consultant,Content Management Consulting,07996 401126,029 2048 6384 Ext 1126,Cardiff,Forgeside Close,Cardiff,Wales,,CF24 5FA,GB,TRUE
TRUE,DEVELOPERPACK,Vladimir.Egorov,TRUE,Vladimir,Egorov,Vladimir.Egorov,Stan Orme,Content Management Consultant,Content Management Consulting,07232 141116,0141 222 2911 Ext 1116,Scotland,33 Nith Street,Glasgow,Scotland,,G12 1UR,GB,TRUE
TRUE,DEVELOPERPACK,Esther.Valle,TRUE,Esther,Valle,Esther.Valle,Stan Orme,Content Management Consultant,Content Management Consulting,07213 204466,0207 762 1242 Ext 4466,London,9934 Highway Road,London,England,,EC3 1VO,GB,TRUE
TRUE,DEVELOPERPACK,Lori.Kane,TRUE,Lori,Kane,Lori.Kane,Brad Sutton,Strategy Consultant,Strategy Consulting,07232 141117,0141 222 2911 Ext 1117,Scotland,33 Nith Street,Glasgow,Scotland,,G12 1UR,GB,TRUE
TRUE,DEVELOPERPACK,Cliff.Diddier,TRUE,Cliff,Diddier,Cliff.Diddier,Carol Troup,Engineer,Engineering Operations,07996 401127,029 2048 6384 Ext 1127,Cardiff,Forgeside Close,Cardiff,Wales,,CF24 5FA,GB,TRUE
TRUE,DEVELOPERPACK,Chen.Yang,TRUE,Chen,Yang,Chen.Yang,Carol Troup,Engineer,Engineering Operations,07996 401128,029 2048 6384 Ext 1128,Cardiff,Forgeside Close,Cardiff,Wales,,CF24 5FA,GB,TRUE
TRUE,DEVELOPERPACK,Bernard.Tham,TRUE,Bernard,Tham,Bernard.Tham,Carol Troup,Engineer,Engineering Operations,072321 41118,0141 222 2911 Ext 1118,Scotland,33 Nith Street,Glasgow,Scotland,,G12 1UR,GB,TRUE
TRUE,DEVELOPERPACK,Ari.Suominen,TRUE,Ari,Suominen,Ari.Suominen,Carol Troup,Engineer,Engineering Operations,07213 204467,0207 762 1242 Ext 4467,London,9934 Highway Road,London,England,,EC3 1VO,GB,TRUE
TRUE,DEVELOPERPACK,Anu.Deshpande,TRUE,Anu,Deshpande,Anu.Deshpande,Carol Troup,Engineer,Creative,07996 401129,029 2048 6384 Ext 1129,Cardiff,Forgeside Close,Cardiff,Wales,,CF24 5FA,GB,TRUE
TRUE,DEVELOPERPACK,Allan.Guinot,TRUE,Allan,Guinot,Allan.Guinot,Carol Troup,Engineer,Engineering Operations,07213 204468,0207 762 1242 Ext 4468,London,9934 Highway Road,London,England,,EC3 1VO,GB,TRUE
TRUE,DEVELOPERPACK,Toby.Nixon,TRUE,Toby,Nixon,Toby.Nixon,Syed Abbas,CRM Consultant,CRM Strategy,07996 401130,029 2048 6384 Ext 1130,Cardiff,Forgeside Close,Cardiff,Wales,,CF24 5FA,GB,TRUE
TRUE,DEVELOPERPACK,Tad.Orman,TRUE,Tad,Orman,Tad.Orman,Syed Abbas,CRM Consultant,CRM Strategy,072321 41119,0141 222 2911 Ext 1119,Scotland,33 Nith Street,Glasgow,Scotland,,G12 1UR,GB,TRUE
TRUE,DEVELOPERPACK,Jeff.Williams,TRUE,Jeff,Williams,Jeff.Williams,Syed Abbas,CRM Consultant,CRM Strategy,072321 41120,0141 222 2911 Ext 1120,Scotland,33 Nith Street,Glasgow,Scotland,,G12 1UR,GB,TRUE
TRUE,DEVELOPERPACK,Frank.Miller,TRUE,Frank,Miller,Frank.Miller,David Maman,Strategy Consultant,Strategy Consulting,07213 204469,0207 762 1242 Ext 4469,London,9934 Highway Road,London,England,,EC3 1VO,GB,TRUE
TRUE,DEVELOPERPACK,William.Vong,TRUE,William,Vong,William.Vong,Cesar Garcia,Strategy Consultant,Strategy Consulting,07996 401131,029 2048 6384 Ext 1131,Cardiff,Forgeside Close,Cardiff,Wales,,CF24 5FA,GB,TRUE
TRUE,DEVELOPERPACK,Sameer.Tejani,TRUE,Sameer,Tejani,Sameer.Tejani,Ellen Adams,Strategy Consultant,Strategy Consulting,07996 401132,029 2048 6384 Ext 1132,Cardiff,Forgeside Close,Cardiff,Wales,,CF24 5FA,GB,TRUE
TRUE,DEVELOPERPACK,Jon.Jaffe,TRUE,Jon,Jaffe,Jon.Jaffe,Brad Sutton,Strategy Consultant,Strategy Consulting,07532 362241,01923 367 8362 Ext 2241,Watford,67 Manor Road,Watford,England,,WD32 5WF,GB,TRUE
TRUE,DEVELOPERPACK,Mike.Ray,TRUE,Mike,Ray,Mike.Ray,David Maman,Strategy Consultant,Strategy Consulting,07532 362242,01923 367 8362 Ext 2242,Watford,67 Manor Road,Watford,England,,WD32 5WF,GB,TRUE
TRUE,DEVELOPERPACK,Robert.OHara,TRUE,Robert,O'Hara,Robert.OHara,Stan Orme,Content Management Consultant,Content Management Consulting,07532 362243,01923 367 8362 Ext 2243,Watford,67 Manor Road,Watford,England,,WD32 5WF,GB,TRUE
TRUE,DEVELOPERPACK,Lisa.Miller,TRUE,Lisa,Miller,Lisa.Miller,Cesar Garcia,Strategy Consultant,Strategy Consulting,07532 362244,01923 367 8362 Ext 2244,Watford,67 Manor Road,Watford,England,,WD32 5WF,GB,TRUE
TRUE,DEVELOPERPACK,Jason.Carlson,TRUE,Jason,Carlson,Jason.Carlson,Syed Abbas,CRM Consultant,CRM Strategy,07532 362245,01923 367 8362 Ext 2245,Watford,67 Manor Road,Watford,England,,WD32 5WF,GB,TRUE
TRUE,DEVELOPERPACK,Jim.Corbin,TRUE,Jim,Corbin,Jim.Corbin,David Maman,Strategy Consultant,Strategy Consulting,07532 362246,01923 367 8362 Ext 2246,Watford,67 Manor Road,Watford,England,,WD32 5WF,GB,TRUE
TRUE,DEVELOPERPACK,Jesus.Escolar,TRUE,Jesus,Escolar,Jesus.Escolar,Aaron Painter,Strategy Consultant,Strategy Consulting,07532 362247,01923 367 8362 Ext 2247,Watford,67 Manor Road,Watford,England,,WD32 5WF,GB,TRUE
TRUE,DEVELOPERPACK,Idan.Rubin,TRUE,Idan,Rubin,Idan.Rubin,Brad Sutton,Strategy Consultant,Strategy Consulting,07532 362248,01923 367 8362 Ext 2248,Watford,67 Manor Road,Watford,England,,WD32 5WF,GB,TRUE
TRUE,DEVELOPERPACK,Don.Hall,TRUE,Don,Hall,Don.Hall,Ellen Adams,Strategy Consultant,Strategy Consulting,07532 362249,01923 367 8362 Ext 2249,Watford,67 Manor Road,Watford,England,,WD32 5WF,GB,TRUE
TRUE,DEVELOPERPACK,Blaine.Dockter,TRUE,Blaine,Dockter,Blaine.Dockter,Ellen Adams,Strategy Consultant,Strategy Consulting,07532 362250,01923 367 8362 Ext 2250,Watford,67 Manor Road,Watford,England,,WD32 5WF,GB,TRUE
TRUE,DEVELOPERPACK,Anne.Weiler,TRUE,Anne,Weiler,Anne.Weiler,Cesar Garcia,Strategy Consultant,Strategy Consulting,07213 204470,0207 762 1242 Ext 4470,London,9934 Highway Road,London,England,,EC3 1VO,GB,TRUE
TRUE,DEVELOPERPACK,Allison.Brown,TRUE,Allison,Brown,Allison.Brown,Aaron Painter,Strategy Consultant,Strategy Consulting,07213 204471,0207 762 1242 Ext 4471,London,9934 Highway Road,London,England,,EC3 1VO,GB,TRUE
TRUE,DEVELOPERPACK,Valery.Ushakov,TRUE,Valery,Ushakov,Valery.Ushakov,Carol Troup,Engineer,Engineering Operations,07213 204472,0207 762 1242 Ext 4472,London,9934 Highway Road,London,England,,EC3 1VO,GB,TRUE
TRUE,DEVELOPERPACK,Tosh.Meston,TRUE,Tosh,Meston,Tosh.Meston,Syed Abbas,CRM Consultant,CRM Strategy,07213 204473,0207 762 1242 Ext 4473,London,9934 Highway Road,London,England,,EC3 1VO,GB,TRUE
TRUE,DEVELOPERPACK,Sanjay.Patel,TRUE,Sanjay,Patel,Sanjay.Patel,Stan Orme,Content Management Consultant,Content Management Consulting,07213 204474,0207 762 1242 Ext 4474,London,9934 Highway Road,London,England,,EC3 1VO,GB,TRUE
TRUE,DEVELOPERPACK,Roland.Wacker,TRUE,Roland,Wacker,Roland.Wacker,Aaron Painter,Strategy Consultant,Strategy Consulting,07213 204475,0207 762 1242 Ext 4475,London,9934 Highway Road,London,England,,EC3 1VO,GB,TRUE
TRUE,DEVELOPERPACK,David.Derwin,TRUE,David,Derwin,David.Derwin,Brian Groth,Project Manager,1099 Contractor,07213 204476,0207 762 1242 Ext 4476,London,9934 Highway Road,London,England,,EC3 1VO,GB,TRUE
TRUE,DEVELOPERPACK,John.Yokum,TRUE,John,Yokum,John.Yokum,Ellen Adams,Strategy Consultant,Strategy Consulting,07213 204477,0207 762 1242 Ext 4477,London,9934 Highway Road,London,England,,EC3 1VO,GB,TRUE
TRUE,DEVELOPERPACK,Scott.Rockfield,TRUE,Scott,Rockfield,Scott.Rockfield,Brian Groth,Project Manager,1099 Contractor,07532 362251,01923 367 8362 Ext 2251,Watford,67 Manor Road,Watford,England,,WD32 5WF,GB,TRUE
TRUE,DEVELOPERPACK,Humberto.Acevedo,TRUE,Humberto,Acevedo,Humberto.Acevedo,Brian Groth,Project Manager,1099 Contractor,07532 362252,01923 367 8362 Ext 2252,Watford,67 Manor Road,Watford,England,,WD32 5WF,GB,TRUE
TRUE,DEVELOPERPACK,David.So,TRUE,David,So,David.So,Brian Groth,Project Manager,1099 Contractor,07532 362253,01923 367 8362 Ext 2253,Watford,67 Manor Road,Watford,England,,WD32 5WF,GB,TRUE
TRUE,DEVELOPERPACK,Anders.Madsen,TRUE,Anders,Madsen,Anders.Madsen,Brian Groth,Project Manager,1099 Contractor,07532 362254,01923 367 8362 Ext 2254,Watford,67 Manor Road,Watford,England,,WD32 5WF,GB,TRUE
TRUE,DEVELOPERPACK,Alexandre.Silva,TRUE,Alexandre,Silva,Alexandre.Silva,Brian Groth,Project Manager,1099 Contractor,07532 362255,01923 367 8362 Ext 2255,Watford,67 Manor Road,Watford,England,,WD32 5WF,GB,TRUE
TRUE,DEVELOPERPACK,Stuart.Munson,TRUE,Stuart,Munson,Stuart.Munson,Brian Groth,Project Manager,1099 Contractor,07532 362256,01923 367 8362 Ext 2256,Watford,67 Manor Road,Watford,England,,WD32 5WF,GB,TRUE
TRUE,DEVELOPERPACK,Qiong.Wu,TRUE,Qiong,Wu,Qiong.Wu,Brian Groth,Project Manager,1099 Contractor,07532 362257,01923 367 8362 Ext 2257,Watford,67 Manor Road,Watford,England,,WD32 5WF,GB,TRUE
TRUE,DEVELOPERPACK,Michiko.Osada,TRUE,Michiko,Osada,Michiko.Osada,Brian Groth,Project Manager,1099 Contractor,07532 362258,01923 367 8362 Ext 2258,Watford,67 Manor Road,Watford,England,,WD32 5WF,GB,TRUE
TRUE,DEVELOPERPACK,Michael.Zeman,TRUE,Michael,Zeman,Michael.Zeman,Brian Groth,Project Manager,1099 Contractor,07532 362259,01923 367 8362 Ext 2259,Watford,67 Manor Road,Watford,England,,WD32 5WF,GB,TRUE
TRUE,DEVELOPERPACK,Maurice.Taylor,TRUE,Maurice,Taylor,Maurice.Taylor,Brian Groth,Project Manager,1099 Contractor,07213 204478,0207 762 1242 Ext 4478,London,9934 Highway Road,London,England,,EC3 1VO,GB,TRUE
TRUE,DEVELOPERPACK,Guido.Pica,TRUE,Guido,Pica,Guido.Pica,Brian Groth,Project Manager,1099 Contractor,07996 401133,029 2048 6384 Ext 1133,Cardiff,Forgeside Close,Cardiff,Wales,,CF24 5FA,GB,TRUE
TRUE,DEVELOPERPACK,Jessica.Arnold,TRUE,Jessica,Arnold,Jessica.Arnold,Brian Groth,Project Manager,1099 Contractor,07532 362260,01923 367 8362 Ext 2260,Watford,67 Manor Road,Watford,England,,WD32 5WF,GB,TRUE
TRUE,DEVELOPERPACK,Chase.Carpenter,TRUE,Chase,Carpenter,Chase.Carpenter,Karim Manar,Accountant,Accounting,072321 41121,0141 222 2911 Ext 1121,Scotland,33 Nith Street,Glasgow,Scotland,,G12 1UR,GB,TRUE
TRUE,DEVELOPERPACK,Terrence.Phillip,TRUE,Terrence,Phillip,Terrence.Phillip,Jenni Merrifield,Strategy Consultant,1099 Contractor,07996 401134,029 2048 6384 Ext 1134,Cardiff,Forgeside Close,Cardiff,Wales,,CF24 5FA,GB,TRUE
TRUE,DEVELOPERPACK,Hugo.Garcia,TRUE,Hugo,Garcia,Hugo.Garcia,Jenni Merrifield,Strategy Consultant,1099 Contractor,07996 401135,029 2048 6384 Ext 1135,Cardiff,Forgeside Close,Cardiff,Wales,,CF24 5FA,GB,TRUE
TRUE,DEVELOPERPACK,Jeremy.Los,TRUE,Jeremy,Los,Jeremy.Los,Jenni Merrifield,Strategy Consultant,1099 Contractor,07532 362261,01923 367 8362 Ext 2261,Watford,67 Manor Road,Watford,England,,WD32 5WF,GB,TRUE
TRUE,DEVELOPERPACK,John.Ganio,TRUE,John,Ganio,John.Ganio,Jenni Merrifield,Strategy Consultant,1099 Contractor,07213 204479,0207 762 1242 Ext 4479,London,9934 Highway Road,London,England,,EC3 1VO,GB,TRUE
TRUE,DEVELOPERPACK,Lina.Abola,TRUE,Lina,Abola,Lina.Abola,Jenni Merrifield,Strategy Consultant,1099 Contractor,07532 362262,01923 367 8362 Ext 2262,Watford,67 Manor Road,Watford,England,,WD32 5WF,GB,TRUE
TRUE,DEVELOPERPACK,Mark.Hanson,TRUE,Mark,Hanson,Mark.Hanson,Jenni Merrifield,Strategy Consultant,1099 Contractor,07213 204480,0207 762 1242 Ext 4480,London,9934 Highway Road,London,England,,EC3 1VO,GB,TRUE
TRUE,DEVELOPERPACK,Jaka.Stele,TRUE,Jaka,Stele,Jaka.Stele,Brian Groth,Project Manager,1099 Contractor,07213 204481,0207 762 1242 Ext 4481,London,9934 Highway Road,London,England,,EC3 1VO,GB,TRUE
TRUE,DEVELOPERPACK,Steven.Wright,TRUE,Steven,Wright,Steven.Wright,Jenni Merrifield,Strategy Consultant,1099 Contractor,07213 204482,0207 762 1242 Ext 4482,London,9934 Highway Road,London,England,,EC3 1VO,GB,TRUE
TRUE,DEVELOPERPACK,Dough.Mahugh,TRUE,Dough,Mahugh,Dough.Mahugh,Brian Groth,Project Manager,1099 Contractor,07213 204483,0207 762 1242 Ext 4483,London,9934 Highway Road,London,England,,EC3 1VO,GB,TRUE
TRUE,DEVELOPERPACK,Andrea.Dunker,TRUE,Andrea,Dunker,Andrea.Dunker,Brian Groth,Project Manager,1099 Contractor,07213 204484,0207 762 1242 Ext 4484,London,9934 Highway Road,London,England,,EC3 1VO,GB,TRUE
TRUE,DEVELOPERPACK,Carlos.Grilo,TRUE,Carlos,Grilo,Carlos.Grilo,Brian Groth,Project Manager,1099 Contractor,07213 204485,0207 762 1242 Ext 4485,London,9934 Highway Road,London,England,,EC3 1VO,GB,TRUE
TRUE,DEVELOPERPACK,Chris.McGurk,TRUE,Chris,McGurk,Chris.McGurk,Brian Groth,Project Manager,1099 Contractor,07532 362263,01923 367 8362 Ext 2263,Watford,67 Manor Road,Watford,England,,WD32 5WF,GB,TRUE
TRUE,DEVELOPERPACK,Dan.Bacon,TRUE,Dan,Bacon,Dan.Bacon,Brian Groth,Project Manager,1099 Contractor,07532 362264,01923 367 8362 Ext 2264,Watford,67 Manor Road,Watford,England,,WD32 5WF,GB,TRUE
TRUE,DEVELOPERPACK,Daniel.Durrer,TRUE,Daniel,Durrer,Daniel.Durrer,Brian Groth,Project Manager,1099 Contractor,07213 204486,0207 762 1242 Ext 4486,London,9934 Highway Road,London,England,,EC3 1VO,GB,TRUE
TRUE,DEVELOPERPACK,James.Wittrell,TRUE,James,Wittrell,James.Wittrell,Karim Manar,Accountant,Accounting,07532 362265,01923 367 8362 Ext 2265,Watford,67 Manor Road,Watford,England,,WD32 5WF,GB,TRUE
TRUE,DEVELOPERPACK,Scott.MacDonald,TRUE,Scott,MacDonald,Scott.MacDonald,Jenni Merrifield,Strategy Consultant,1099 Contractor,07213 204487,0207 762 1242 Ext 4487,London,9934 Highway Road,London,England,,EC3 1VO,GB,TRUE
TRUE,DEVELOPERPACK,Renee.Lo,TRUE,Renee,Lo,Renee.Lo,Aaron Painter,Strategy Consultant,Strategy Consulting,07213 204488,0207 762 1242 Ext 4488,London,9934 Highway Road,London,England,,EC3 1VO,GB,TRUE
TRUE,DEVELOPERPACK,Cari.Drummelle,TRUE,Cari,Drummelle,Cari.Drummelle,Stan Orme,Content Management Consultant,Content Management Consulting,07213 204489,0207 762 1242 Ext 4489,London,9934 Highway Road,London,England,,EC3 1VO,GB,TRUE
TRUE,DEVELOPERPACK,Alfons.Parovszky,TRUE,Alfons,Parovszky,Alfons.Parovszky,Stan Orme,Content Management Consultant,Content Management Consulting,07213 204490,0207 762 1242 Ext 4490,London,9934 Highway Road,London,England,,EC3 1VO,GB,TRUE
TRUE,DEVELOPERPACK,Matt.Hink,TRUE,Matt,Hink,Matt.Hink,Stan Orme,Content Management Consultant,Content Management Consulting,072321 41122,0141 222 2911 Ext 1122,Scotland,33 Nith Street,Glasgow,Scotland,,G12 1UR,GB,TRUE
TRUE,DEVELOPERPACK,Lorraine.Nay,TRUE,Lorraine,Nay,Lorraine.Nay,Syed Abbas,CRM Consultant,CRM Strategy,07213 204491,0207 762 1242 Ext 4491,London,9934 Highway Road,London,England,,EC3 1VO,GB,TRUE
TRUE,DEVELOPERPACK,Iben.Thorell,TRUE,Iben,Thorell,Iben.Thorell,Brad Sutton,Strategy Consultant,Strategy Consulting,07532 362266,01923 367 8362 Ext 2266,Watford,67 Manor Road,Watford,England,,WD32 5WF,GB,TRUE
TRUE,DEVELOPERPACK,Magnus.Hedlund,TRUE,Magnus,Hedlund,Magnus.Hedlund,Stan Orme,Business Process Manager,Content Management Consulting,07213 204492,0207 762 1242 Ext 4492,London,9934 Highway Road,London,England,,EC3 1VO,GB,TRUE
TRUE,DEVELOPERPACK,Erik.Andersen,TRUE,Erik,Andersen,Erik.Andersen,Stan Orme,Content Management Consultant,Content Management Consulting,07532 362267,01923 367 8362 Ext 2267,Watford,67 Manor Road,Watford,England,,WD32 5WF,GB,TRUE
TRUE,DEVELOPERPACK,Corinna.Bolender,TRUE,Corinna,Bolender,Corinna.Bolender,Carol Troup,Engineer,Engineering Operations,07532 362268,01923 367 8362 Ext 2268,Watford,67 Manor Road,Watford,England,,WD32 5WF,GB,TRUE
TRUE,DEVELOPERPACK,Trey.Pratt,TRUE,Trey,Pratt,Trey.Pratt,Cesar Garcia,Strategy Consultant,Strategy Consulting,07532 362269,01923 367 8362 Ext 2269,Watford,67 Manor Road,Watford,England,,WD32 5WF,GB,TRUE
TRUE,DEVELOPERPACK,John.Kane,TRUE,John,Kane,John.Kane,Jose Saraiva,Salesperson,Sales,07213 204493,0207 762 1242 Ext 4493,London,9934 Highway Road,London,England,,EC3 1VO,GB,TRUE
TRUE,DEVELOPERPACK,Parna.Khot,TRUE,Parna,Khot,Parna.Khot,Aaron Painter,Strategy Consultant,Strategy Consulting,07213 204494,0207 762 1242 Ext 4494,London,9934 Highway Road,London,England,,EC3 1VO,GB,TRUE
TRUE,DEVELOPERPACK,Kim.Ralls,TRUE,Kim,Ralls,Kim.Ralls,David Maman,Strategy Consultant,Strategy Consulting,07532 362270,01923 367 8362 Ext 2270,Watford,67 Manor Road,Watford,England,,WD32 5WF,GB,TRUE
TRUE,DEVELOPERPACK,Jan.Kotas,TRUE,Jan,Kotas,Jan.Kotas,Brad Sutton,Strategy Consultant,Strategy Consulting,07213 204495,0207 762 1242 Ext 4495,London,9934 Highway Road,London,England,,EC3 1VO,GB,TRUE
TRUE,DEVELOPERPACK,Thomas.Hamborg,TRUE,Thomas,Hamborg,Thomas.Hamborg,Brian Groth,Project Manager,1099 Contractor,07213 204496,0207 762 1242 Ext 4496,London,9934 Highway Road,London,England,,EC3 1VO,GB,TRUE
TRUE,DEVELOPERPACK,Lolan.Song,TRUE,Lolan,Song,Lolan.Song,David Maman,Strategy Consultant,Strategy Consulting,07213 204497,0207 762 1242 Ext 4497,London,9934 Highway Road,London,England,,EC3 1VO,GB,TRUE
TRUE,DEVELOPERPACK,Lars.Hansson,TRUE,Lars,Hansson,Lars.Hansson,Karim Manar,Accounting Manager,Accounting,07213 204498,0207 762 1242 Ext 4498,London,9934 Highway Road,London,England,,EC3 1VO,GB,TRUE
TRUE,DEVELOPERPACK,Jill.Frank,TRUE,Jill,Frank,Jill.Frank,Karim Manar,Accountant,Accounting,07213 204499,0207 762 1242 Ext 4499,London,9934 Highway Road,London,England,,EC3 1VO,GB,TRUE
TRUE,DEVELOPERPACK,Joel.Lachance,TRUE,Joel,Lachance,Joel.Lachance,Karim Manar,Accountant,Accounting,07532 362271,01923 367 8362 Ext 2271,Watford,67 Manor Road,Watford,England,,WD32 5WF,GB,TRUE
TRUE,DEVELOPERPACK,John.John,TRUE,John,John,John.John,Aaron Painter,Strategy Consultant,Strategy Consulting,07532 362272,01923 367 8362 Ext 2272,Watford,67 Manor Road,Watford,England,,WD32 5WF,GB,TRUE
TRUE,DEVELOPERPACK,Jun.Cao,TRUE,Jun,Cao,Jun.Cao,Cesar Garcia,Strategy Consultant,Strategy Consulting,07213 204500,0207 762 1242 Ext 4500,London,9934 Highway Road,London,England,,EC3 1VO,GB,TRUE
TRUE,DEVELOPERPACK,Tony.Wang,TRUE,Tony,Wang,Tony.Wang,Ellen Adams,Strategy Consultant,Strategy Consulting,07532 362273,01923 367 8362 Ext 2273,Watford,67 Manor Road,Watford,England,,WD32 5WF,GB,TRUE
TRUE,DEVELOPERPACK,Kenneth.Cools,TRUE,Kenneth,Cools,Kenneth.Cools,Brad Sutton,Strategy Consultant,Strategy Consulting,07213 204501,0207 762 1242 Ext 4501,London,9934 Highway Road,London,England,,EC3 1VO,GB,TRUE
TRUE,DEVELOPERPACK,Steve.Masters,TRUE,Steve,Masters,Steve.Masters,Cesar Garcia,Strategy Consultant,Strategy Consulting,07996 401136,029 2048 6384 Ext 1136,Cardiff,Forgeside Close,Cardiff,Wales,,CF24 5FA,GB,TRUE
TRUE,DEVELOPERPACK,Lubor.Kollar,TRUE,Lubor,Kollar,Lubor.Kollar,Aaron Painter,Strategy Consultant,Strategy Consulting,07996 401137,029 2048 6384 Ext 1137,Cardiff,Forgeside Close,Cardiff,Wales,,CF24 5FA,GB,TRUE
TRUE,DEVELOPERPACK,Michael.Ludwig,TRUE,Michael,Ludwig,Michael.Ludwig,Cesar Garcia,Strategy Consultant,Strategy Consulting,07532 362274,01923 367 8362 Ext 2274,Watford,67 Manor Road,Watford,England,,WD32 5WF,GB,TRUE
TRUE,DEVELOPERPACK,Michael.Lund,TRUE,Michael,Lund,Michael.Lund,Ellen Adams,Strategy Consultant,Strategy Consulting,07213 204502,0207 762 1242 Ext 4502,London,9934 Highway Road,London,England,,EC3 1VO,GB,TRUE
TRUE,DEVELOPERPACK,Michael.Sullivan,TRUE,Michael,Sullivan,Michael.Sullivan,Brad Sutton,Strategy Consultant,Strategy Consulting,07213 204503,0207 762 1242 Ext 4503,London,9934 Highway Road,London,England,,EC3 1VO,GB,TRUE
TRUE,DEVELOPERPACK,Ray.Chow,TRUE,Ray,Chow,Ray.Chow,David Maman,Strategy Consultant,Strategy Consulting,07532 362275,01923 367 8362 Ext 2275,Watford,67 Manor Road,Watford,England,,WD32 5WF,GB,TRUE
TRUE,DEVELOPERPACK,Diane.Glimp,TRUE,Diane,Glimp,Diane.Glimp,Stan Orme,Content Management Consultant,Content Management Consulting,07213 204504,0207 762 1242 Ext 4504,London,9934 Highway Road,London,England,,EC3 1VO,GB,TRUE
TRUE,DEVELOPERPACK,Ken.Malcolmson,TRUE,Ken,Malcolmson,Ken.Malcolmson,Ellen Adams,Strategy Consultant,Strategy Consulting,07213 204505,0207 762 1242 Ext 4505,London,9934 Highway Road,London,England,,EC3 1VO,GB,TRUE
TRUE,DEVELOPERPACK,Manueal.Machado,TRUE,Manueal,Machado,Manueal.Machado,Barry Johnson,Senior Project Manager,Project Management,07213 204506,0207 762 1242 Ext 4506,London,9934 Highway Road,London,England,,EC3 1VO,GB,TRUE
TRUE,DEVELOPERPACK,Luca.Dellamore,TRUE,Luca,Dellamore,Luca.Dellamore,April Stewart,Salesperson,Sales,07532 362276,01923 367 8362 Ext 2276,Watford,67 Manor Road,Watford,England,,WD32 5WF,GB,TRUE
TRUE,DEVELOPERPACK,Ivo.Salmre,TRUE,Ivo,Salmre,Ivo.Salmre,Andrew Ma,Project Manager,Project Management,07532 362277,01923 367 8362 Ext 2277,Watford,67 Manor Road,Watford,England,,WD32 5WF,GB,TRUE
TRUE,DEVELOPERPACK,Howard.Gonzalez,TRUE,Howard,Gonzalez,Howard.Gonzalez,Lene Aalling,Salesperson,Sales,07996 401138,029 2048 6384 Ext 1138,Cardiff,Forgeside Close,Cardiff,Wales,,CF24 5FA,GB,TRUE
TRUE,DEVELOPERPACK,Elizabeth.Andersen,TRUE,Elizabeth,Andersen,Elizabeth.Andersen,Arthur Yasinski,Salesperson,Sales,07996 401139,029 2048 6384 Ext 1139,Cardiff,Forgeside Close,Cardiff,Wales,,CF24 5FA,GB,TRUE
TRUE,DEVELOPERPACK,Denis.Dehenne,TRUE,Denis,Dehenne,Denis.Dehenne,Barry Johnson,Project Manager,Project Management,07213 204507,0207 762 1242 Ext 4507,London,9934 Highway Road,London,England,,EC3 1VO,GB,TRUE
TRUE,DEVELOPERPACK,David.Wright,TRUE,David,Wright,David.Wright,David Simpson,Salesperson,Sales,07213 204508,0207 762 1242 Ext 4508,London,9934 Highway Road,London,England,,EC3 1VO,GB,TRUE
TRUE,DEVELOPERPACK,Chris.Barry,TRUE,Chris,Barry,Chris.Barry,Mike Nash,Project Manager,Project Management,07532 362278,01923 367 8362 Ext 2278,Watford,67 Manor Road,Watford,England,,WD32 5WF,GB,TRUE
TRUE,DEVELOPERPACK,Ayla.Kol,TRUE,Ayla,Kol,Ayla.Kol,Scott Bishop,Project Manager,Project Management,07532 362279,01923 367 8362 Ext 2279,Watford,67 Manor Road,Watford,England,,WD32 5WF,GB,TRUE
TRUE,DEVELOPERPACK,Alisa.Lawyer,TRUE,Alisa,Lawyer,Alisa.Lawyer,Scott Bishop,Project Manager,Project Management,07213 204509,0207 762 1242 Ext 4509,London,9934 Highway Road,London,England,,EC3 1VO,GB,TRUE
TRUE,DEVELOPERPACK,Simon.Rapier,TRUE,Simon,Rapier,Simon.Rapier,Scott Bishop,Senior Project Manager,Project Management,07213 204510,0207 762 1242 Ext 4510,London,9934 Highway Road,London,England,,EC3 1VO,GB,TRUE
TRUE,DEVELOPERPACK,Rob.Barker,TRUE,Rob,Barker,Rob.Barker,Chris Norred,Project Manager,Project Management,07532 362280,01923 367 8362 Ext 2280,Watford,67 Manor Road,Watford,England,,WD32 5WF,GB,TRUE
TRUE,DEVELOPERPACK,Hazem.Abolrous,TRUE,Hazem,Abolrous,Hazem.Abolrous,Lene Aalling,Salesperson,Sales,07532 362281,01923 367 8362 Ext 2281,Watford,67 Manor Road,Watford,England,,WD32 5WF,GB,TRUE
TRUE,DEVELOPERPACK,Ned.Friend,TRUE,Ned,Friend,Ned.Friend,Chris Norred,Project Manager,Project Management,07232 141123,0141 222 2911 Ext 1123,Scotland,33 Nith Street,Glasgow,Scotland,,G12 1UR,GB,TRUE
TRUE,DEVELOPERPACK,Richard.Tupy,TRUE,Richard,Tupy,Richard.Tupy,Andrew Ma,Project Manager,Project Management,07213 204511,0207 762 1242 Ext 4511,London,9934 Highway Road,London,England,,EC3 1VO,GB,TRUE
TRUE,DEVELOPERPACK,Don.Funk,TRUE,Don,Funk,Don.Funk,Chris Norred,Project Manager,Project Management,07213 204512,0207 762 1242 Ext 4512,London,9934 Highway Road,London,England,,EC3 1VO,GB,TRUE
TRUE,DEVELOPERPACK,Dave.Natsuhara,TRUE,Dave,Natsuhara,Dave.Natsuhara,Chris Norred,Project Manager,Project Management,07532 362282,01923 367 8362 Ext 2282,Watford,67 Manor Road,Watford,England,,WD32 5WF,GB,TRUE
TRUE,DEVELOPERPACK,Christian.Rytt,TRUE,Christian,Rytt,Christian.Rytt,Chris Norred,Project Manager,Project Management,07532 362283,01923 367 8362 Ext 2283,Watford,67 Manor Road,Watford,England,,WD32 5WF,GB,TRUE
TRUE,DEVELOPERPACK,Ted.Bremer,TRUE,Ted,Bremer,Ted.Bremer,Chris Norred,Business Process Manager,Project Management,07213 204513,0207 762 1242 Ext 4513,London,9934 Highway Road,London,England,,EC3 1VO,GB,TRUE
TRUE,DEVELOPERPACK,Sean.Purcell,TRUE,Sean,Purcell,Sean.Purcell,Chris Norred,Business Process Manager,Project Management,07213 204514,0207 762 1242 Ext 4514,London,9934 Highway Road,London,England,,EC3 1VO,GB,TRUE
TRUE,DEVELOPERPACK,Ray.Mohrman,TRUE,Ray,Mohrman,Ray.Mohrman,Barry Johnson,Senior Project Manager,Project Management,07213 204515,0207 762 1242 Ext 4515,London,9934 Highway Road,London,England,,EC3 1VO,GB,TRUE
TRUE,DEVELOPERPACK,Mike.Tiano,TRUE,Mike,Tiano,Mike.Tiano,Chris Norred,Business Process Manager,Project Management,07532 362284,01923 367 8362 Ext 2284,Watford,67 Manor Road,Watford,England,,WD32 5WF,GB,TRUE
TRUE,DEVELOPERPACK,Margaret.Au,TRUE,Margaret,Au,Margaret.Au,Chris Norred,Business Process Manager,Project Management,07532 362285,01923 367 8362 Ext 2285,Watford,67 Manor Road,Watford,England,,WD32 5WF,GB,TRUE
TRUE,DEVELOPERPACK,Jesper.Aaberg,TRUE,Jesper,Aaberg,Jesper.Aaberg,Chris Norred,Project Manager,Project Management,07213 204516,0207 762 1242 Ext 4516,London,9934 Highway Road,London,England,,EC3 1VO,GB,TRUE
TRUE,DEVELOPERPACK,Danni.Ortman,TRUE,Danni,Ortman,Danni.Ortman,Andrew Ma,Senior Project Manager,Project Management,07213 204517,0207 762 1242 Ext 4517,London,9934 Highway Road,London,England,,EC3 1VO,GB,TRUE
TRUE,DEVELOPERPACK,Andy.Jacobs,TRUE,Andy,Jacobs,Andy.Jacobs,Scott Bishop,Senior Project Manager,Project Management,07232 141124,0141 222 2911 Ext 1124,Scotland,33 Nith Street,Glasgow,Scotland,,G12 1UR,GB,TRUE
TRUE,DEVELOPERPACK,Mchiel.Wories,TRUE,Mchiel,Wories,Mchiel.Wories,Keith Dishmo,Procurement Manager,Operations,07213 204518,0207 762 1242 Ext 4518,London,9934 Highway Road,London,England,,EC3 1VO,GB,TRUE
TRUE,DEVELOPERPACK,Nuria.Gonzalez,TRUE,Nuria,Gonzalez,Nuria.Gonzalez,Mike Nash,Senior Project Manager,Project Management,07213 204519,0207 762 1242 Ext 4519,London,9934 Highway Road,London,England,,EC3 1VO,GB,TRUE
TRUE,DEVELOPERPACK,Ty.Carlson,TRUE,Ty,Carlson,Ty.Carlson,Lene Aalling,Salesperson,Sales Engagement Management,07213 204520,0207 762 1242 Ext 4520,London,9934 Highway Road,London,England,,EC3 1VO,GB,TRUE
TRUE,DEVELOPERPACK,Cassie.Hicks,TRUE,Cassie,Hicks,Cassie.Hicks,Adam Barr,Director of Client Services,Senior Management,07213 204521,0207 762 1242 Ext 4521,London,9934 Highway Road,London,England,,EC3 1VO,GB,TRUE
TRUE,DEVELOPERPACK,Sean.Chai,TRUE,Sean,Chai,Sean.Chai,Molly Clark,Director of Affiliate Marketing and Partnerships,Senior Management,07213 204522,0207 762 1242 Ext 4522,London,9934 Highway Road,London,England,,EC3 1VO,GB,TRUE
TRUE,DEVELOPERPACK,Todd.Rowe,TRUE,Todd,Rowe,Todd.Rowe,Diane Prescott,Sr. Media Planner,Senior Management,07213 204523,0207 762 1242 Ext 4523,London,9934 Highway Road,London,England,,EC3 1VO,GB,TRUE
TRUE,DEVELOPERPACK,Tai.Lee,TRUE,Tai,Lee,Tai.Lee,Jeff Hay,President of Services,CVP of IT,07213 204524,0207 762 1242 Ext 4524,London,9934 Highway Road,London,England,,EC3 1VO,GB,TRUE
TRUE,DEVELOPERPACK,Greg.Winston,TRUE,Greg,Winston,Greg.Winston,Jeff Hay,President of Management,Senior Management,07213 204525,0207 762 1242 Ext 4525,London,9934 Highway Road,London,England,,EC3 1VO,GB,TRUE
TRUE,DEVELOPERPACK,Sanjay.Shah,TRUE,Sanjay,Shah,Sanjay.Shah,Dan Jump,Chief of Technical Strategy,Executive,07213 204526,0207 762 1242 Ext 4526,London,9934 Highway Road,London,England,,EC3 1VO,GB,TRUE
TRUE,DEVELOPERPACK,Toni.Poe,TRUE,Toni,Poe,Toni.Poe,Dan Jump,Chief of Partnerships and Strategy,Executive,07213 204527,0207 762 1242 Ext 4527,London,9934 Highway Road,London,England,,EC3 1VO,GB,TRUE
TRUE,DEVELOPERPACK,Jim.Daly,TRUE,Jim,Daly,Jim.Daly,Dan Jump,CFO,Executive,07996 401140,029 2048 6384 Ext 1140,Cardiff,Forgeside Close,Cardiff,Wales,,CF24 5FA,GB,TRUE
TRUE,DEVELOPERPACK,Tom.Youtsey,TRUE,Tom,Youtsey,Tom.Youtsey,David Simpson,Salesperson,Sales Engagement Management,07996 401141,029 2048 6384 Ext 1141,Cardiff,Forgeside Close,Cardiff,Wales,,CF24 5FA,GB,TRUE
TRUE,DEVELOPERPACK,Kerim.Hanif,TRUE,Kerim,Hanif,Kerim.Hanif,David Simpson,Salesperson,Sales Engagement Management,07213 204528,0207 762 1242 Ext 4528,London,9934 Highway Road,London,England,,EC3 1VO,GB,TRUE
TRUE,DEVELOPERPACK,Jamie.Reding,TRUE,Jamie,Reding,Jamie.Reding,David Simpson,Salesperson,Sales Engagement Management,07213 204529,0207 762 1242 Ext 4529,London,9934 Highway Road,London,England,,EC3 1VO,GB,TRUE
TRUE,DEVELOPERPACK,Ye.Xu,TRUE,Ye,Xu,Ye.Xu,Arthur Yasinski,Salesperson,Sales Engagement Management,07213 204530,0207 762 1242 Ext 4530,London,9934 Highway Road,London,England,,EC3 1VO,GB,TRUE
TRUE,DEVELOPERPACK,Marko.Zajc,TRUE,Marko,Zajc,Marko.Zajc,April Stewart,Salesperson,Sales,07213 204531,0207 762 1242 Ext 4531,London,9934 Highway Road,London,England,,EC3 1VO,GB,TRUE
TRUE,DEVELOPERPACK,Fabrice.Canel,TRUE,Fabrice,Canel,Fabrice.Canel,Arthur Yasinski,Salesperson,Sales Engagement Management,07213 204532,0207 762 1242 Ext 4532,London,9934 Highway Road,London,England,,EC3 1VO,GB,TRUE
TRUE,DEVELOPERPACK,Pavel.Simsa,TRUE,Pavel,Simsa,Pavel.Simsa,David Simpson,Salesperson,Sales,07213 204533,0207 762 1242 Ext 4533,London,9934 Highway Road,London,England,,EC3 1VO,GB,TRUE
TRUE,DEVELOPERPACK,Vernette.Price,TRUE,Vernette,Price,Vernette.Price,Lene Aalling,Salesperson,Sales Engagement Management,07532 362286,01923 367 8362 Ext 2286,Watford,67 Manor Road,Watford,England,,WD32 5WF,GB,TRUE
TRUE,DEVELOPERPACK,Nate.Sun,TRUE,Nate,Sun,Nate.Sun,Lene Aalling,Salesperson,Sales Engagement Management,07213 204534,0207 762 1242 Ext 4534,London,9934 Highway Road,London,England,,EC3 1VO,GB,TRUE
TRUE,DEVELOPERPACK,Tina.Makovec,TRUE,Tina,Makovec,Tina.Makovec,April Stewart,Salesperson,Sales Engagement Management,07213 204535,0207 762 1242 Ext 4535,London,9934 Highway Road,London,England,,EC3 1VO,GB,TRUE
TRUE,DEVELOPERPACK,Neil.Orint,TRUE,Neil,Orint,Neil.Orint,April Stewart,Salesperson,Sales Engagement Management,07532 362287,01923 367 8362 Ext 2287,Watford,67 Manor Road,Watford,England,,WD32 5WF,GB,TRUE
TRUE,DEVELOPERPACK,Luka.Abrus,TRUE,Luka,Abrus,Luka.Abrus,April Stewart,Salesperson,Sales Engagement Management,07213 204536,0207 762 1242 Ext 4536,London,9934 Highway Road,London,England,,EC3 1VO,GB,TRUE
TRUE,DEVELOPERPACK,Euan.Garden,TRUE,Euan,Garden,Euan.Garden,April Stewart,Salesperson,Sales Engagement Management,07213 204537,0207 762 1242 Ext 4537,London,9934 Highway Road,London,England,,EC3 1VO,GB,TRUE
TRUE,DEVELOPERPACK,Eran.Harel,TRUE,Eran,Harel,Eran.Harel,Jose Saraiva,Salesperson,Sales,07532 362288,01923 367 8362 Ext 2288,Watford,67 Manor Road,Watford,England,,WD32 5WF,GB,TRUE
TRUE,DEVELOPERPACK,Michael.Ovesen,TRUE,Michael,Ovesen,Michael.Ovesen,Jose Saraiva,Salesperson,Sales,07213 204538,0207 762 1242 Ext 4538,London,9934 Highway Road,London,England,,EC3 1VO,GB,TRUE
TRUE,DEVELOPERPACK,Kim.Abercrombie,TRUE,Kim,Abercrombie,Kim.Abercrombie,Jose Saraiva,Salesperson,Sales,07532 362289,01923 367 8362 Ext 2289,Watford,67 Manor Road,Watford,England,,WD32 5WF,GB,TRUE
TRUE,DEVELOPERPACK,Rob.Young,TRUE,Rob,Young,Rob.Young,Arturo Lopez,IT Manager,Operations,07532 362290,01923 367 8362 Ext 2290,Watford,67 Manor Road,Watford,England,,WD32 5WF,GB,TRUE
TRUE,DEVELOPERPACK,Terry.Earls,TRUE,Terry,Earls,Terry.Earls,Mike Nash,Project Manager,Project Management,07213 204539,0207 762 1242 Ext 4539,London,9934 Highway Road,London,England,,EC3 1VO,GB,TRUE
TRUE,DEVELOPERPACK,Michael.Mainer,TRUE,Michael,Mainer,Michael.Mainer,Erika Cheley,Manager,Operations,07532 362291,01923 367 8362 Ext 2291,Watford,67 Manor Road,Watford,England,,WD32 5WF,GB,TRUE
TRUE,DEVELOPERPACK,Sven.Buck,TRUE,Sven,Buck,Sven.Buck,Arthur Yasinski,Salesperson,Sales Engagement Management,07213 204540,0207 762 1242 Ext 4540,London,9934 Highway Road,London,England,,EC3 1VO,GB,TRUE
TRUE,DEVELOPERPACK,Eric.Gruber,TRUE,Eric,Gruber,Eric.Gruber,Lene Aalling,Salesperson,Sales,07213 204541,0207 762 1242 Ext 4541,London,9934 Highway Road,London,England,,EC3 1VO,GB,TRUE
TRUE,DEVELOPERPACK,Jelle.Visser,TRUE,Jelle,Visser,Jelle.Visser,Keith Dishmo,Procurement Manager,Operations,07532 362292,01923 367 8362 Ext 2292,Watford,67 Manor Road,Watford,England,,WD32 5WF,GB,TRUE
TRUE,DEVELOPERPACK,Erik.Gubbels,TRUE,Erik,Gubbels,Erik.Gubbels,April Stewart,Salesperson,Sales,07213 204542,0207 762 1242 Ext 4542,London,9934 Highway Road,London,England,,EC3 1VO,GB,TRUE
TRUE,DEVELOPERPACK,Dominik.Paiha,TRUE,Dominik,Paiha,Dominik.Paiha,Jose Saraiva,Salesperson,Sales,07213 204543,0207 762 1242 Ext 4543,London,9934 Highway Road,London,England,,EC3 1VO,GB,TRUE
TRUE,DEVELOPERPACK,Dan.Hough,TRUE,Dan,Hough,Dan.Hough,Arthur Yasinski,Salesperson,Sales,07232 141125,0141 222 2911 Ext 1125,Scotland,33 Nith Street,Glasgow,Scotland,,G12 1UR,GB,TRUE
TRUE,DEVELOPERPACK,Tina.Lassila,TRUE,Tina,Lassila,Tina.Lassila,Arthur Yasinski,Salesperson,Sales,07213 204544,0207 762 1242 Ext 4544,London,9934 Highway Road,London,England,,EC3 1VO,GB,TRUE
TRUE,DEVELOPERPACK,Nuno.Farinha,TRUE,Nuno,Farinha,Nuno.Farinha,David Simpson,Salesperson,Sales,07213 204545,0207 762 1242 Ext 4545,London,9934 Highway Road,London,England,,EC3 1VO,GB,TRUE
TRUE,DEVELOPERPACK,Maru.Subrmani,TRUE,Maru,Subrmani,Maru.Subrmani,April Stewart,Salesperson,Sales,07213 204546,0207 762 1242 Ext 4546,London,9934 Highway Road,London,England,,EC3 1VO,GB,TRUE
TRUE,DEVELOPERPACK,Marc.Faerber,TRUE,Marc,Faerber,Marc.Faerber,David Simpson,Salesperson,Sales,07232 141126,0141 222 2911 Ext 1126,Scotland,33 Nith Street,Glasgow,Scotland,,G12 1UR,GB,TRUE
TRUE,DEVELOPERPACK,Kari.Furse,TRUE,Kari,Furse,Kari.Furse,Jose Saraiva,Salesperson,Sales,07232 141127,0141 222 2911 Ext 1127,Scotland,33 Nith Street,Glasgow,Scotland,,G12 1UR,GB,TRUE
TRUE,DEVELOPERPACK,Karen.Berg,TRUE,Karen,Berg,Karen.Berg,Julian Isla,Sr. Account Manager,Senior Management,07232 141128,0141 222 2911 Ext 1128,Scotland,33 Nith Street,Glasgow,Scotland,,G12 1UR,GB,TRUE
TRUE,DEVELOPERPACK,Ian.Tien,TRUE,Ian,Tien,Ian.Tien,Amy Alberts,HR Specialist,Human Resources,07213 204547,0207 762 1242 Ext 4547,London,9934 Highway Road,London,England,,EC3 1VO,GB,TRUE
TRUE,DEVELOPERPACK,Scott.Gode,TRUE,Scott,Gode,Scott.Gode,David Simpson,Salesperson,Sales,07213 204548,0207 762 1242 Ext 4548,London,9934 Highway Road,London,England,,EC3 1VO,GB,TRUE
TRUE,DEVELOPERPACK,Gina.Boyer,TRUE,Gina,Boyer,Gina.Boyer,Arthur Yasinski,Salesperson,Sales,07213 204549,0207 762 1242 Ext 4549,London,9934 Highway Road,London,England,,EC3 1VO,GB,TRUE
TRUE,DEVELOPERPACK,Annelie.Zubar,TRUE,Annelie,Zubar,Annelie.Zubar,Jose Saraiva,Salesperson,Sales,07213 204550,0207 762 1242 Ext 4550,London,9934 Highway Road,London,England,,EC3 1VO,GB,TRUE
TRUE,DEVELOPERPACK,David.Bossard,TRUE,David,Bossard,David.Bossard,April Stewart,Salesperson,Sales,07213 204551,0207 762 1242 Ext 4551,London,9934 Highway Road,London,England,,EC3 1VO,GB,TRUE
TRUE,DEVELOPERPACK,Alicia.Thomber,TRUE,Alicia,Thomber,Alicia.Thomber,David Simpson,Salesperson,Sales,07532 362293,01923 367 8362 Ext 2293,Watford,67 Manor Road,Watford,England,,WD32 5WF,GB,TRUE
TRUE,DEVELOPERPACK,Marcelo.Truffat,TRUE,Marcelo,Truffat,Marcelo.Truffat,Jose Saraiva,Salesperson,Sales,07213 204552,0207 762 1242 Ext 4552,London,9934 Highway Road,London,England,,EC3 1VO,GB,TRUE
TRUE,DEVELOPERPACK,Tony.Madigan,TRUE,Tony,Madigan,Tony.Madigan,Carol Troup,Senior Engineer,Engineering Operations,07213 204553,0207 762 1242 Ext 4553,London,9934 Highway Road,London,England,,EC3 1VO,GB,TRUE
TRUE,DEVELOPERPACK,Sunil.Koduri,TRUE,Sunil,Koduri,Sunil.Koduri,Carol Troup,Senior Engineer,Engineering Operations,07532 362294,01923 367 8362 Ext 2294,Watford,67 Manor Road,Watford,England,,WD32 5WF,GB,TRUE
TRUE,DEVELOPERPACK,Simon.Pearson,TRUE,Simon,Pearson,Simon.Pearson,Carol Troup,Senior Engineer,Engineering Operations,07213 204554,0207 762 1242 Ext 4554,London,9934 Highway Road,London,England,,EC3 1VO,GB,TRUE
TRUE,DEVELOPERPACK,Paul.Duffy,TRUE,Paul,Duffy,Paul.Duffy,Carol Troup,Senior Engineer,Engineering Operations,07532 362295,01923 367 8362 Ext 2295,Watford,67 Manor Road,Watford,England,,WD32 5WF,GB,TRUE
TRUE,DEVELOPERPACK,Kate.Taneyhill,TRUE,Kate,Taneyhill,Kate.Taneyhill,Carol Troup,Senior Engineer,Engineering Operations,07532 362296,01923 367 8362 Ext 2296,Watford,67 Manor Road,Watford,England,,WD32 5WF,GB,TRUE
TRUE,DEVELOPERPACK,Chris.Gray,TRUE,Chris,Gray,Chris.Gray,Carol Troup,Senior Engineer,Engineering Operations,07213 204555,0207 762 1242 Ext 4555,London,9934 Highway Road,London,England,,EC3 1VO,GB,TRUE
TRUE,DEVELOPERPACK,Stephen.Deming,TRUE,Stephen,Deming,Stephen.Deming,Carol Troup,Engineer,Engineering Operations,07213 204556,0207 762 1242 Ext 4556,London,9934 Highway Road,London,England,,EC3 1VO,GB,TRUE
TRUE,DEVELOPERPACK,Olivier.Fontana,TRUE,Olivier,Fontana,Olivier.Fontana,Carol Troup,Engineer,Engineering Operations,07213 204557,0207 762 1242 Ext 4557,London,9934 Highway Road,London,England,,EC3 1VO,GB,TRUE
TRUE,DEVELOPERPACK,Michelle.Fredette,TRUE,Michelle,Fredette,Michelle.Fredette,Carol Troup,Engineer,Engineering Operations,07213 204558,0207 762 1242 Ext 4558,London,9934 Highway Road,London,England,,EC3 1VO,GB,TRUE
TRUE,DEVELOPERPACK,Arlene.Huff,TRUE,Arlene,Huff,Arlene.Huff,Jenni Merrifield,Strategy Consultant,Strategy Consulting,07232 141129,0141 222 2911 Ext 1129,Scotland,33 Nith Street,Glasgow,Scotland,,G12 1UR,GB,TRUE
TRUE,DEVELOPERPACK,Pieter.Wycoff,TRUE,Pieter,Wycoff,Pieter.Wycoff,Kelly Krout,Marketing Specialist,Marketing,07213 204559,0207 762 1242 Ext 4559,London,9934 Highway Road,London,England,,EC3 1VO,GB,TRUE
TRUE,DEVELOPERPACK,Erwin.Zischka,TRUE,Erwin,Zischka,Erwin.Zischka,Carol Troup,Engineer,Engineering Operations,07532 362297,01923 367 8362 Ext 2297,Watford,67 Manor Road,Watford,England,,WD32 5WF,GB,TRUE
TRUE,DEVELOPERPACK,Lukas.Keller,TRUE,Lukas,Keller,Lukas.Keller,Erika Cheley,Manager,Operations,07232 141130,0141 222 2911 Ext 1130,Scotland,33 Nith Street,Glasgow,Scotland,,G12 1UR,GB,TRUE
TRUE,DEVELOPERPACK,Ken.Ewert,TRUE,Ken,Ewert,Ken.Ewert,Erika Cheley,Manager,Operations,07532 362298,01923 367 8362 Ext 2298,Watford,67 Manor Road,Watford,England,,WD32 5WF,GB,TRUE
TRUE,DEVELOPERPACK,Justin.Thorp,TRUE,Justin,Thorp,Justin.Thorp,Erika Cheley,Manager,Operations,07232 141131,0141 222 2911 Ext 1131,Scotland,33 Nith Street,Glasgow,Scotland,,G12 1UR,GB,TRUE
TRUE,DEVELOPERPACK,Jon.Grande,TRUE,Jon,Grande,Jon.Grande,Erika Cheley,Manager,Operations,07213 204560,0207 762 1242 Ext 4560,London,9934 Highway Road,London,England,,EC3 1VO,GB,TRUE
TRUE,DEVELOPERPACK,Jo.Berry,TRUE,Jo,Berry,Jo.Berry,Ben Spain,Manager,Operations,07532 362299,01923 367 8362 Ext 2299,Watford,67 Manor Road,Watford,England,,WD32 5WF,GB,TRUE
TRUE,DEVELOPERPACK,Hans.Gufler,TRUE,Hans,Gufler,Hans.Gufler,Ben Spain,Manager,Operations,07213 204561,0207 762 1242 Ext 4561,London,9934 Highway Road,London,England,,EC3 1VO,GB,TRUE
TRUE,DEVELOPERPACK,David.Bradley,TRUE,David,Bradley,David.Bradley,Ben Spain,Manager,Operations,07532 362300,01923 367 8362 Ext 2300,Watford,67 Manor Road,Watford,England,,WD32 5WF,GB,TRUE
TRUE,DEVELOPERPACK,Marie.Dubois,TRUE,Marie,Dubois,Marie.Dubois,Arturo Lopez,IT Manager,Operations,07213 204562,0207 762 1242 Ext 4562,London,9934 Highway Road,London,England,,EC3 1VO,GB,TRUE
TRUE,DEVELOPERPACK,Kevin.Kennedy,TRUE,Kevin,Kennedy,Kevin.Kennedy,Arturo Lopez,IT Manager,Operations,07213 204563,0207 762 1242 Ext 4563,London,9934 Highway Road,London,England,,EC3 1VO,GB,TRUE
TRUE,DEVELOPERPACK,Kai.Axford,TRUE,Kai,Axford,Kai.Axford,Arturo Lopez,IT Manager,Operations,07232 141132,0141 222 2911 Ext 1132,Scotland,33 Nith Street,Glasgow,Scotland,,G12 1UR,GB,TRUE
TRUE,DEVELOPERPACK,Manish.Chopra,TRUE,Manish,Chopra,Manish.Chopra,Lene Aalling,Salesperson,Sales,07213 204564,0207 762 1242 Ext 4564,London,9934 Highway Road,London,England,,EC3 1VO,GB,TRUE
TRUE,DEVELOPERPACK,Sunil.Uppal,TRUE,Sunil,Uppal,Sunil.Uppal,Kelly Krout,Public Relations Specialist,Marketing,07213 204565,0207 762 1242 Ext 4565,London,9934 Highway Road,London,England,,EC3 1VO,GB,TRUE
TRUE,DEVELOPERPACK,Luis.Bonifaz,TRUE,Luis,Bonifaz,Luis.Bonifaz,Arthur Yasinski,Salesperson,Sales,07232 141133,0141 222 2911 Ext 1133,Scotland,33 Nith Street,Glasgow,Scotland,,G12 1UR,GB,TRUE
TRUE,DEVELOPERPACK,Kevin.Verboort,TRUE,Kevin,Verboort,Kevin.Verboort,Arthur Yasinski,Salesperson,Sales,07532 362301,01923 367 8362 Ext 2301,Watford,67 Manor Road,Watford,England,,WD32 5WF,GB,TRUE
TRUE,DEVELOPERPACK,Christian.Jene,TRUE,Christian,Jene,Christian.Jene,Kelly Krout,Marketing Specialist,Marketing,07213 204566,0207 762 1242 Ext 4566,London,9934 Highway Road,London,England,,EC3 1VO,GB,TRUE
TRUE,DEVELOPERPACK,Felipe.Martins,TRUE,Felipe,Martins,Felipe.Martins,Kelly Krout,Marketing Specialist,Marketing,07213 204567,0207 762 1242 Ext 4567,London,9934 Highway Road,London,England,,EC3 1VO,GB,TRUE
TRUE,DEVELOPERPACK,John.Evans,TRUE,John,Evans,John.Evans,Kelly Krout,Marketing Specialist,Marketing,07532 362302,01923 367 8362 Ext 2302,Watford,67 Manor Road,Watford,England,,WD32 5WF,GB,TRUE
TRUE,DEVELOPERPACK,Heinrich.Fischer,TRUE,Heinrich,Fischer,Heinrich.Fischer,Arturo Lopez,IT Manager,Operations,07996 401142,029 2048 6384 Ext 1142,Cardiff,Forgeside Close,Cardiff,Wales,,CF24 5FA,GB,TRUE
TRUE,DEVELOPERPACK,Kirk.Nason,TRUE,Kirk,Nason,Kirk.Nason,Jose Saraiva,Salesperson,Sales,07213 204568,0207 762 1242 Ext 4568,London,9934 Highway Road,London,England,,EC3 1VO,GB,TRUE
TRUE,DEVELOPERPACK,Brian.Cox,TRUE,Brian,Cox,Brian.Cox,Keith Dishmo,Procurement Manager,Operations,07232 141134,0141 222 2911 Ext 1134,Scotland,33 Nith Street,Glasgow,Scotland,,G12 1UR,GB,TRUE
TRUE,DEVELOPERPACK,Patricia.Doyle,TRUE,Patricia,Doyle,Patricia.Doyle,Lene Aalling,Salesperson,Sales,07213 204569,0207 762 1242 Ext 4569,London,9934 Highway Road,London,England,,EC3 1VO,GB,TRUE
TRUE,DEVELOPERPACK,Ron.Gabel,TRUE,Ron,Gabel,Ron.Gabel,April Stewart,Salesperson,Sales,07213 204570,0207 762 1242 Ext 4570,London,9934 Highway Road,London,England,,EC3 1VO,GB,TRUE
TRUE,DEVELOPERPACK,Shmuel.Yair,TRUE,Shmuel,Yair,Shmuel.Yair,David Simpson,Salesperson,Sales,07532 362303,01923 367 8362 Ext 2303,Watford,67 Manor Road,Watford,England,,WD32 5WF,GB,TRUE
TRUE,DEVELOPERPACK,Phyllis.Harris,TRUE,Phyllis,Harris,Phyllis.Harris,Kelly Krout,Marketing Specialist,Marketing,07232 141135,0141 222 2911 Ext 1135,Scotland,33 Nith Street,Glasgow,Scotland,,G12 1UR,GB,TRUE
TRUE,DEVELOPERPACK,Jenny.Lysaker,TRUE,Jenny,Lysaker,Jenny.Lysaker,April Stewart,Salesperson,Sales,07996 401143,029 2048 6384 Ext 1143,Cardiff,Forgeside Close,Cardiff,Wales,,CF24 5FA,GB,TRUE
TRUE,DEVELOPERPACK,Jordao.Moreno,TRUE,Jordao,Moreno,Jordao.Moreno,Kelly Krout,Marketing Specialist,Marketing,07532 362304,01923 367 8362 Ext 2304,Watford,67 Manor Road,Watford,England,,WD32 5WF,GB,TRUE
TRUE,DEVELOPERPACK,Josh.Edwards,TRUE,Josh,Edwards,Josh.Edwards,Lene Aalling,Salesperson,Sales,07213 204571,0207 762 1242 Ext 4571,London,9934 Highway Road,London,England,,EC3 1VO,GB,TRUE
TRUE,DEVELOPERPACK,Chris.Johnson,TRUE,Chris,Johnson,Chris.Johnson,Kelly Krout,Marketing Specialist,Marketing,07996 401144,029 2048 6384 Ext 1144,Cardiff,Forgeside Close,Cardiff,Wales,,CF24 5FA,GB,TRUE
TRUE,DEVELOPERPACK,Kris.Johnsen,TRUE,Kris,Johnsen,Kris.Johnsen,Arturo Lopez,IT Manager,Operations,07213 204572,0207 762 1242 Ext 4572,London,9934 Highway Road,London,England,,EC3 1VO,GB,TRUE
TRUE,DEVELOPERPACK,Chris.Johnson,TRUE,Chris,Johnson,Chris.Johnson,Karim Manar,Accountant,Accounting,07232 141136,0141 222 2911 Ext 1136,Scotland,33 Nith Street,Glasgow,Scotland,,G12 1UR,GB,TRUE
TRUE,DEVELOPERPACK,Chris.F.Johnson,TRUE,Chris,Johnson,Chris.F.Johnson,Carol Troup,Senior Engineer,Engineering Operations,07532 362305,01923 367 8362 Ext 2305,Watford,67 Manor Road,Watford,England,,WD32 5WF,GB,TRUE
TRUE,DEVELOPERPACK,Chris.Johnson2,TRUE,Chris,Johnson,Chris.Johnson2,April Stewart,Salesperson,Sales Engagement Management,07532 362306,01923 367 8362 Ext 2306,Watford,67 Manor Road,Watford,England,,WD32 5WF,GB,TRUE
